Recommended Career,Skills
Cybersecurity Specialist,"Linux, Penetration Testing, Firewalls, Incident Response"
Game Developer,"Unity, C#, Game Design"
UI/UX Designer,"Wireframing, Figma, Prototyping, User Research"
Software Engineer,"Java, Python"
Software Engineer,"C++, Python, Agile, Java, Problem Solving"
Game Developer,"Unity, Game Design, Problem Solving, C#"
Cloud Architect,"Networking, AWS, Azure"
DevOps Engineer,"Linux, Docker"
Database Administrator,"Data Modeling, SQL"
Web Developer,"HTML, React, JavaScript, Node.js, CSS"
DevOps Engineer,"AWS, Linux, Docker, Kubernetes, CI/CD"
DevOps Engineer,"AWS, Kubernetes, CI/CD"
Web Developer,"Node.js, HTML, JavaScript, React, CSS"
AI/ML Engineer,"Python, Deep Learning"
Data Scientist,"Machine Learning, SQL"
DevOps Engineer,"Linux, Docker, AWS"
Database Administrator,"Data Modeling, Oracle"
DevOps Engineer,"CI/CD, AWS"
Software Engineer,"Agile, C++"
Cybersecurity Specialist,"Firewalls, Linux"
DevOps Engineer,"AWS, Linux, Kubernetes, CI/CD"
DevOps Engineer,"Docker, Kubernetes, AWS"
Cybersecurity Specialist,"Linux, Cryptography, Firewalls"
Cybersecurity Specialist,"Penetration Testing, Linux"
Software Engineer,"Problem Solving, C++, Python, Java, Agile"
Cybersecurity Specialist,"Linux, Cryptography"
DevOps Engineer,"CI/CD, Docker"
AI/ML Engineer,"TensorFlow, Deep Learning, NLP"
Web Developer,"React, Node.js, HTML, JavaScript"
Cloud Architect,"Terraform, Azure, Networking, Cloud Security, AWS"
Game Developer,"3D Modeling, C#, Unity, Problem Solving, Game Design"
Data Scientist,"Statistics, SQL, Machine Learning"
UI/UX Designer,"Wireframing, Adobe XD, User Research, Prototyping"
Software Engineer,"Python, Agile, Java, C++, Problem Solving"
DevOps Engineer,"Linux, Docker, AWS, CI/CD"
Database Administrator,"Backup Strategies, NoSQL, Data Modeling, SQL"
Software Engineer,"Python, Java, Problem Solving"
DevOps Engineer,"Linux, AWS, Docker, Kubernetes, CI/CD"
UI/UX Designer,"Adobe XD, User Research"
Database Administrator,"SQL, Data Modeling, Oracle, NoSQL, Backup Strategies"
Cybersecurity Specialist,"Incident Response, Penetration Testing, Firewalls, Linux"
Cybersecurity Specialist,"Cryptography, Incident Response, Linux"
Game Developer,"C#, 3D Modeling, Game Design, Problem Solving, Unity"
Database Administrator,"Data Modeling, Backup Strategies"
Cybersecurity Specialist,"Cryptography, Incident Response, Penetration Testing, Firewalls, Linux"
Game Developer,"Problem Solving, 3D Modeling, C#, Game Design, Unity"
Web Developer,"CSS, Node.js, React, HTML, JavaScript"
DevOps Engineer,"AWS, Kubernetes, CI/CD, Docker, Linux"
DevOps Engineer,"Linux, CI/CD, Docker"
AI/ML Engineer,"Deep Learning, PyTorch, Python, TensorFlow"
Cybersecurity Specialist,"Cryptography, Firewalls, Penetration Testing, Incident Response, Linux"
Cloud Architect,"Azure, AWS, Cloud Security, Terraform, Networking"
DevOps Engineer,"CI/CD, AWS, Linux, Docker"
UI/UX Designer,"Wireframing, Figma, Prototyping, User Research"
Game Developer,"Unity, Game Design"
Database Administrator,"SQL, NoSQL, Backup Strategies"
Web Developer,"HTML, JavaScript, Node.js, CSS, React"
Software Engineer,"Python, C++, Problem Solving, Java, Agile"
Cybersecurity Specialist,"Penetration Testing, Cryptography"
Data Scientist,"Python, Machine Learning, Statistics"
UI/UX Designer,"Wireframing, Prototyping, Adobe XD, User Research, Figma"
Cybersecurity Specialist,"Linux, Firewalls, Incident Response, Penetration Testing"
Database Administrator,"Backup Strategies, Data Modeling, NoSQL"
Cybersecurity Specialist,"Linux, Penetration Testing"
DevOps Engineer,"AWS, Docker"
Game Developer,"3D Modeling, Game Design, Problem Solving"
Database Administrator,"NoSQL, Data Modeling, Oracle, SQL, Backup Strategies"
UI/UX Designer,"Prototyping, Adobe XD"
Web Developer,"Node.js, React, JavaScript"
Cybersecurity Specialist,"Incident Response, Cryptography, Penetration Testing, Linux"
Cybersecurity Specialist,"Firewalls, Incident Response"
Database Administrator,"Data Modeling, SQL, NoSQL"
Cloud Architect,"AWS, Terraform"
UI/UX Designer,"Wireframing, Figma, Adobe XD, Prototyping"
Cloud Architect,"Cloud Security, Terraform"
Game Developer,"Problem Solving, C#, 3D Modeling, Game Design, Unity"
Cloud Architect,"Terraform, Networking, AWS"
Web Developer,"HTML, Node.js"
UI/UX Designer,"Prototyping, Wireframing, User Research, Adobe XD"
Data Scientist,"Statistics, SQL, Machine Learning"
AI/ML Engineer,"NLP, Deep Learning, PyTorch, Python"
Cybersecurity Specialist,"Incident Response, Penetration Testing, Cryptography"
Data Scientist,"Statistics, Machine Learning, SQL, R"
Cloud Architect,"AWS, Azure"
Software Engineer,"Agile, C++, Python"
Web Developer,"Node.js, HTML, React"
Web Developer,"JavaScript, CSS"
UI/UX Designer,"Adobe XD, Wireframing, Figma, User Research"
Data Scientist,"Statistics, R, Python"
Cloud Architect,"Azure, Cloud Security, Terraform, Networking, AWS"
Database Administrator,"Data Modeling, NoSQL, Oracle"
DevOps Engineer,"Linux, CI/CD, Kubernetes, Docker, AWS"
UI/UX Designer,"Prototyping, Wireframing, User Research, Adobe XD"
Cybersecurity Specialist,"Penetration Testing, Cryptography, Linux, Incident Response"
DevOps Engineer,"Linux, Kubernetes, AWS"
Web Developer,"React, Node.js, HTML, CSS"
DevOps Engineer,"Linux, Kubernetes, Docker, CI/CD, AWS"
UI/UX Designer,"Prototyping, Figma"
Game Developer,"Game Design, 3D Modeling, C#"
Web Developer,"JavaScript, HTML"
Cloud Architect,"Networking, Terraform, Cloud Security, Azure, AWS"
Cloud Architect,"Networking, Terraform, Azure, Cloud Security"
Software Engineer,"Problem Solving, Agile, C++"
UI/UX Designer,"Wireframing, Adobe XD, Prototyping, User Research, Figma"
AI/ML Engineer,"Deep Learning, TensorFlow"
Data Scientist,"SQL, Statistics, R, Python, Machine Learning"
Cloud Architect,"AWS, Azure, Networking, Terraform"
UI/UX Designer,"User Research, Prototyping, Adobe XD, Figma, Wireframing"
Web Developer,"JavaScript, Node.js"
Game Developer,"C#, Game Design, Problem Solving, Unity"
Game Developer,"C#, Unity"
Database Administrator,"SQL, Backup Strategies, Oracle, NoSQL, Data Modeling"
Data Scientist,"SQL, Python, R, Machine Learning"
Cloud Architect,"Azure, Terraform"
Web Developer,"Node.js, HTML, React, CSS"
Web Developer,"HTML, React, Node.js"
UI/UX Designer,"Prototyping, Wireframing, User Research"
Web Developer,"CSS, HTML"
Cloud Architect,"Networking, Terraform, Cloud Security"
Web Developer,"HTML, Node.js, JavaScript, CSS"
Software Engineer,"Agile, C++, Java, Python, Problem Solving"
DevOps Engineer,"Docker, CI/CD, AWS"
Cybersecurity Specialist,"Incident Response, Cryptography, Firewalls"
UI/UX Designer,"User Research, Adobe XD, Wireframing, Prototyping"
AI/ML Engineer,"PyTorch, Python"
Cybersecurity Specialist,"Firewalls, Linux, Penetration Testing"
AI/ML Engineer,"NLP, Deep Learning, PyTorch, TensorFlow, Python"
Data Scientist,"Machine Learning, Statistics, SQL, Python, R"
Game Developer,"Game Design, 3D Modeling, Unity, Problem Solving, C#"
Database Administrator,"Oracle, NoSQL"
Database Administrator,"SQL, Backup Strategies, Oracle"
Database Administrator,"SQL, NoSQL, Data Modeling"
UI/UX Designer,"Figma, Wireframing, Prototyping, Adobe XD, User Research"
Cloud Architect,"Terraform, Cloud Security, Networking"
AI/ML Engineer,"Python, PyTorch"
Web Developer,"CSS, Node.js, JavaScript"
DevOps Engineer,"Docker, Linux, AWS, Kubernetes, CI/CD"
Cloud Architect,"Networking, Azure, Cloud Security, AWS"
Game Developer,"3D Modeling, Game Design"
Web Developer,"HTML, JavaScript"
AI/ML Engineer,"Deep Learning, TensorFlow, NLP"
Cloud Architect,"Azure, AWS, Networking, Terraform, Cloud Security"
Game Developer,"Problem Solving, Unity, Game Design"
AI/ML Engineer,"NLP, Python"
Cloud Architect,"Networking, Terraform"
AI/ML Engineer,"TensorFlow, Deep Learning"
UI/UX Designer,"Wireframing, Adobe XD"
Cybersecurity Specialist,"Cryptography, Penetration Testing"
DevOps Engineer,"AWS, Linux"
UI/UX Designer,"Prototyping, Adobe XD, Figma"
AI/ML Engineer,"Python, PyTorch, Deep Learning, TensorFlow, NLP"
AI/ML Engineer,"NLP, Python, Deep Learning, TensorFlow"
UI/UX Designer,"Prototyping, Adobe XD, Figma"
Web Developer,"React, JavaScript, Node.js, CSS"
UI/UX Designer,"Adobe XD, Figma"
Web Developer,"CSS, Node.js, React, JavaScript"
DevOps Engineer,"Docker, AWS, Linux, CI/CD"
Cloud Architect,"Networking, Azure, AWS, Terraform"
Data Scientist,"Python, Machine Learning"
UI/UX Designer,"Figma, Adobe XD, Wireframing, Prototyping, User Research"
DevOps Engineer,"Docker, CI/CD, AWS, Linux"
Cybersecurity Specialist,"Penetration Testing, Incident Response, Linux, Firewalls"
Cybersecurity Specialist,"Cryptography, Linux, Penetration Testing"
Cloud Architect,"Networking, Azure"
Data Scientist,"Machine Learning, R, SQL, Python, Statistics"
AI/ML Engineer,"NLP, Python, TensorFlow, PyTorch"
Data Scientist,"R, Python"
Data Scientist,"SQL, Python, Statistics, R"
UI/UX Designer,"Figma, Prototyping, Wireframing"
Software Engineer,"Agile, Python, Java, C++"
Game Developer,"Unity, Problem Solving"
Cybersecurity Specialist,"Linux, Penetration Testing"
Game Developer,"Problem Solving, 3D Modeling"
UI/UX Designer,"Figma, Prototyping, Adobe XD, Wireframing"
Data Scientist,"R, Statistics, SQL, Python"
Database Administrator,"SQL, Data Modeling, Oracle, NoSQL"
DevOps Engineer,"Docker, Linux, CI/CD, AWS"
Software Engineer,"Python, Agile, Java, Problem Solving"
Data Scientist,"Statistics, Machine Learning"
Web Developer,"HTML, React, CSS, JavaScript, Node.js"
Cybersecurity Specialist,"Firewalls, Penetration Testing, Linux"
DevOps Engineer,"CI/CD, Kubernetes, Docker, Linux, AWS"
Web Developer,"HTML, JavaScript, React"
AI/ML Engineer,"Python, NLP, TensorFlow"
AI/ML Engineer,"TensorFlow, NLP, Deep Learning"
Database Administrator,"Oracle, SQL, Backup Strategies"
Cloud Architect,"Networking, Terraform, Azure, Cloud Security"
AI/ML Engineer,"NLP, TensorFlow"
Game Developer,"3D Modeling, Unity, C#, Problem Solving"
DevOps Engineer,"CI/CD, AWS, Kubernetes, Linux"
Cybersecurity Specialist,"Linux, Penetration Testing, Cryptography, Incident Response"
Software Engineer,"C++, Python, Java, Agile"
Cloud Architect,"Terraform, Cloud Security, AWS"
Database Administrator,"SQL, NoSQL, Oracle"
UI/UX Designer,"User Research, Prototyping, Adobe XD, Figma"
AI/ML Engineer,"NLP, PyTorch, Python, TensorFlow"
Cloud Architect,"AWS, Azure"
Cybersecurity Specialist,"Firewalls, Incident Response, Penetration Testing, Linux, Cryptography"
Software Engineer,"Java, Problem Solving, Agile, Python, C++"
Database Administrator,"SQL, Backup Strategies, NoSQL, Oracle"
AI/ML Engineer,"Python, Deep Learning, TensorFlow, NLP, PyTorch"
Database Administrator,"SQL, Backup Strategies, NoSQL, Data Modeling, Oracle"
Database Administrator,"Oracle, Data Modeling, NoSQL, Backup Strategies"
Software Engineer,"Problem Solving, C++, Agile, Java"
Data Scientist,"SQL, Statistics, Machine Learning, Python"
Data Scientist,"SQL, Statistics, Python"
Cloud Architect,"Terraform, Azure, Networking, Cloud Security, AWS"
Software Engineer,"Agile, Python, Java"
Web Developer,"CSS, JavaScript, Node.js, HTML, React"
DevOps Engineer,"Docker, Linux, CI/CD, AWS, Kubernetes"
UI/UX Designer,"Wireframing, Figma, Prototyping"
AI/ML Engineer,"TensorFlow, Python, NLP"
Database Administrator,"Data Modeling, SQL, Oracle, NoSQL, Backup Strategies"
UI/UX Designer,"User Research, Wireframing"
DevOps Engineer,"Kubernetes, CI/CD, Linux"
DevOps Engineer,"AWS, Docker, CI/CD, Kubernetes"
DevOps Engineer,"Docker, Kubernetes, CI/CD, Linux, AWS"
Cybersecurity Specialist,"Linux, Cryptography, Penetration Testing, Firewalls"
Data Scientist,"R, Machine Learning, Statistics"
Data Scientist,"SQL, Machine Learning"
Cybersecurity Specialist,"Firewalls, Cryptography, Penetration Testing, Incident Response, Linux"
Software Engineer,"Agile, Python, Java, Problem Solving, C++"
AI/ML Engineer,"PyTorch, NLP"
Cloud Architect,"Networking, Azure"
AI/ML Engineer,"Deep Learning, Python, TensorFlow"
Cybersecurity Specialist,"Linux, Penetration Testing"
Cloud Architect,"Azure, Networking"
UI/UX Designer,"Figma, User Research, Adobe XD, Wireframing"
Game Developer,"Problem Solving, C#, Game Design, Unity, 3D Modeling"
Database Administrator,"Backup Strategies, SQL, Data Modeling, NoSQL, Oracle"
Database Administrator,"NoSQL, SQL, Data Modeling"
Cloud Architect,"Cloud Security, Networking, Azure, Terraform"
Cloud Architect,"Cloud Security, Azure, AWS"
Database Administrator,"Backup Strategies, NoSQL"
Database Administrator,"Oracle, NoSQL, Data Modeling"
Cloud Architect,"AWS, Cloud Security"
Database Administrator,"NoSQL, Data Modeling"
Game Developer,"3D Modeling, Unity"
Database Administrator,"Oracle, Backup Strategies, NoSQL, SQL, Data Modeling"
Data Scientist,"Python, SQL, Machine Learning, R"
Game Developer,"3D Modeling, Problem Solving"
Cloud Architect,"AWS, Cloud Security"
DevOps Engineer,"AWS, CI/CD, Linux, Docker"
Game Developer,"Unity, Game Design"
Database Administrator,"Backup Strategies, Oracle, NoSQL"
Web Developer,"Node.js, CSS, React"
DevOps Engineer,"Linux, CI/CD"
Database Administrator,"Data Modeling, Backup Strategies, SQL"
Software Engineer,"C++, Agile, Python, Problem Solving"
Cloud Architect,"AWS, Networking, Azure"
Software Engineer,"Java, Agile, Problem Solving"
AI/ML Engineer,"TensorFlow, Deep Learning, NLP, Python, PyTorch"
Software Engineer,"Problem Solving, Python, Agile, C++, Java"
Cybersecurity Specialist,"Incident Response, Cryptography, Firewalls"
UI/UX Designer,"Adobe XD, User Research, Wireframing, Prototyping"
Software Engineer,"Python, Problem Solving, Agile"
Cloud Architect,"Azure, Terraform, Networking, Cloud Security"
Software Engineer,"C++, Java, Agile, Python"
Software Engineer,"Python, Agile, Java, C++"
Web Developer,"JavaScript, React"
AI/ML Engineer,"Deep Learning, NLP, TensorFlow, PyTorch, Python"
UI/UX Designer,"Wireframing, Prototyping"
DevOps Engineer,"Linux, Docker"
Software Engineer,"Java, Agile, Python"
Cloud Architect,"Networking, Terraform, Azure, AWS"
Database Administrator,"Backup Strategies, Data Modeling, Oracle, NoSQL, SQL"
DevOps Engineer,"AWS, Linux, Docker, CI/CD"
Game Developer,"Problem Solving, Unity"
AI/ML Engineer,"PyTorch, NLP, Deep Learning, Python"
DevOps Engineer,"AWS, Kubernetes, Linux"
Web Developer,"Node.js, CSS, React, HTML, JavaScript"
Data Scientist,"SQL, Python"
DevOps Engineer,"Kubernetes, CI/CD"
Data Scientist,"Machine Learning, Python, SQL"
Data Scientist,"Python, Machine Learning, SQL, Statistics"
Game Developer,"C#, Problem Solving, Unity, Game Design, 3D Modeling"
Game Developer,"Unity, C#, Problem Solving, Game Design"
Data Scientist,"R, SQL"
Data Scientist,"Machine Learning, Python, R"
Cybersecurity Specialist,"Firewalls, Penetration Testing, Cryptography, Incident Response, Linux"
DevOps Engineer,"Linux, AWS, Docker"
UI/UX Designer,"Prototyping, Wireframing, User Research, Figma"
DevOps Engineer,"Linux, AWS, CI/CD"
Database Administrator,"SQL, Backup Strategies, NoSQL, Oracle"
Database Administrator,"Oracle, Data Modeling, SQL, Backup Strategies"
DevOps Engineer,"AWS, Linux"
Cybersecurity Specialist,"Cryptography, Firewalls"
Database Administrator,"NoSQL, Backup Strategies"
Web Developer,"React, CSS, JavaScript, Node.js"
Database Administrator,"Oracle, SQL, NoSQL, Backup Strategies, Data Modeling"
Software Engineer,"C++, Python"
UI/UX Designer,"Adobe XD, Wireframing, Prototyping, User Research, Figma"
AI/ML Engineer,"PyTorch, Python, Deep Learning, TensorFlow"
Cybersecurity Specialist,"Incident Response, Penetration Testing, Cryptography, Firewalls, Linux"
AI/ML Engineer,"PyTorch, Python, Deep Learning, NLP, TensorFlow"
Database Administrator,"SQL, Data Modeling, NoSQL, Backup Strategies, Oracle"
Database Administrator,"SQL, Backup Strategies, Oracle, Data Modeling"
Software Engineer,"Problem Solving, Java, Python, C++"
AI/ML Engineer,"Deep Learning, PyTorch, NLP"
AI/ML Engineer,"Python, PyTorch, TensorFlow, NLP"
AI/ML Engineer,"Python, Deep Learning"
Web Developer,"CSS, HTML, Node.js, JavaScript, React"
Software Engineer,"Python, Java, Agile, Problem Solving"
Game Developer,"Problem Solving, 3D Modeling, Unity, Game Design, C#"
Database Administrator,"Backup Strategies, NoSQL, SQL, Data Modeling"
Game Developer,"3D Modeling, Game Design, C#"
AI/ML Engineer,"Deep Learning, TensorFlow, Python"
Data Scientist,"SQL, Python, R, Statistics"
Software Engineer,"C++, Java"
Database Administrator,"Data Modeling, Oracle, Backup Strategies, NoSQL, SQL"
Data Scientist,"Machine Learning, R, Python"
Database Administrator,"SQL, Data Modeling, Backup Strategies"
Cybersecurity Specialist,"Firewalls, Penetration Testing, Cryptography, Linux, Incident Response"
Database Administrator,"Oracle, NoSQL, Backup Strategies, SQL, Data Modeling"
Data Scientist,"Statistics, R, Python, SQL"
UI/UX Designer,"User Research, Figma, Adobe XD"
Cloud Architect,"Terraform, Cloud Security, Azure, AWS, Networking"
Web Developer,"CSS, React, HTML, Node.js, JavaScript"
Software Engineer,"Problem Solving, Python"
UI/UX Designer,"User Research, Prototyping, Wireframing"
UI/UX Designer,"Figma, Adobe XD, User Research, Wireframing"
Database Administrator,"Backup Strategies, NoSQL, Oracle"
DevOps Engineer,"Kubernetes, Docker"
Web Developer,"Node.js, JavaScript"
DevOps Engineer,"AWS, Docker, Linux, CI/CD"
Database Administrator,"Backup Strategies, Data Modeling, NoSQL"
Database Administrator,"Oracle, NoSQL, SQL"
Cloud Architect,"Networking, Cloud Security, Terraform, AWS"
Data Scientist,"Python, SQL, Machine Learning"
Cybersecurity Specialist,"Incident Response, Firewalls, Cryptography, Linux, Penetration Testing"
DevOps Engineer,"CI/CD, Kubernetes, Linux"
AI/ML Engineer,"Python, PyTorch, Deep Learning"
Data Scientist,"Machine Learning, SQL, R"
Database Administrator,"Data Modeling, NoSQL, Backup Strategies"
UI/UX Designer,"Adobe XD, Figma"
Software Engineer,"Java, Python, Problem Solving"
Web Developer,"CSS, HTML"
UI/UX Designer,"Figma, User Research, Prototyping"
Data Scientist,"SQL, Python"
Cybersecurity Specialist,"Penetration Testing, Linux, Firewalls, Incident Response, Cryptography"
Game Developer,"Problem Solving, 3D Modeling, C#, Game Design, Unity"
Web Developer,"HTML, JavaScript"
Cloud Architect,"Networking, AWS, Azure, Cloud Security"
Cybersecurity Specialist,"Linux, Cryptography, Firewalls, Incident Response"
Web Developer,"JavaScript, HTML, React, Node.js, CSS"
Software Engineer,"Java, Python"
Database Administrator,"SQL, Data Modeling, NoSQL, Oracle"
Software Engineer,"Problem Solving, Java, Python, C++, Agile"
UI/UX Designer,"Prototyping, User Research, Wireframing, Adobe XD, Figma"
Web Developer,"React, CSS"
Cloud Architect,"Networking, AWS, Terraform, Cloud Security"
Cloud Architect,"Terraform, Networking, AWS, Cloud Security, Azure"
Database Administrator,"Data Modeling, Backup Strategies, SQL"
Software Engineer,"Agile, Problem Solving, Python"
UI/UX Designer,"Adobe XD, User Research, Prototyping, Figma"
Database Administrator,"Data Modeling, SQL, Oracle, NoSQL"
Data Scientist,"Python, SQL, Machine Learning, Statistics"
Software Engineer,"Problem Solving, C++, Java"
Cloud Architect,"Azure, Networking, AWS, Cloud Security, Terraform"
DevOps Engineer,"CI/CD, Docker, Linux"
Cloud Architect,"Cloud Security, AWS, Terraform"
Data Scientist,"R, Machine Learning, Statistics"
Web Developer,"HTML, React, CSS"
Software Engineer,"Java, C++, Python, Agile, Problem Solving"
Database Administrator,"Oracle, NoSQL"
Game Developer,"Game Design, C#"
Software Engineer,"Python, Agile"
Software Engineer,"Agile, Python, Java, Problem Solving"
Game Developer,"Problem Solving, 3D Modeling, Game Design"
Cloud Architect,"AWS, Azure"
DevOps Engineer,"CI/CD, AWS, Docker"
Game Developer,"Unity, 3D Modeling, Problem Solving, C#"
Database Administrator,"Oracle, NoSQL, Data Modeling, Backup Strategies"
Cybersecurity Specialist,"Incident Response, Penetration Testing, Firewalls"
Game Developer,"C#, Unity, 3D Modeling, Game Design, Problem Solving"
AI/ML Engineer,"TensorFlow, Deep Learning, NLP, Python"
Database Administrator,"Oracle, NoSQL, Data Modeling, Backup Strategies"
UI/UX Designer,"Figma, Prototyping, Adobe XD, User Research, Wireframing"
Cybersecurity Specialist,"Firewalls, Incident Response, Penetration Testing"
Cloud Architect,"Networking, Azure"
UI/UX Designer,"Prototyping, Adobe XD, Wireframing"
Data Scientist,"Statistics, R, Machine Learning"
AI/ML Engineer,"PyTorch, Python, Deep Learning, TensorFlow, NLP"
Web Developer,"CSS, HTML, Node.js, JavaScript, React"
UI/UX Designer,"Wireframing, Figma, Adobe XD, User Research"
Web Developer,"CSS, JavaScript, Node.js, React"
Data Scientist,"R, SQL, Machine Learning, Python, Statistics"
Cloud Architect,"Networking, Terraform, Azure, AWS"
DevOps Engineer,"Kubernetes, AWS, CI/CD, Docker"
Database Administrator,"Oracle, SQL, Backup Strategies, NoSQL"
Data Scientist,"R, Machine Learning, Python, SQL, Statistics"
Game Developer,"C#, 3D Modeling, Unity, Problem Solving, Game Design"
UI/UX Designer,"Figma, Adobe XD, Prototyping"
Data Scientist,"SQL, Statistics"
Database Administrator,"Data Modeling, Oracle, Backup Strategies, NoSQL"
Software Engineer,"Problem Solving, Python, Java"
Cloud Architect,"Terraform, Cloud Security, Azure"
Database Administrator,"Data Modeling, Backup Strategies, Oracle"
Cybersecurity Specialist,"Penetration Testing, Firewalls, Incident Response, Cryptography"
Cybersecurity Specialist,"Penetration Testing, Linux"
Game Developer,"3D Modeling, Problem Solving, C#, Unity"
Cloud Architect,"Azure, Cloud Security, Terraform, Networking"
UI/UX Designer,"Figma, Wireframing, Prototyping, Adobe XD"
Cybersecurity Specialist,"Cryptography, Linux, Penetration Testing, Firewalls"
Game Developer,"Game Design, 3D Modeling, Unity"
Database Administrator,"Data Modeling, SQL, Backup Strategies"
Web Developer,"CSS, React"
Cybersecurity Specialist,"Linux, Firewalls"
Web Developer,"JavaScript, CSS"
Game Developer,"Problem Solving, Game Design"
AI/ML Engineer,"Python, NLP, Deep Learning, PyTorch, TensorFlow"
Cybersecurity Specialist,"Penetration Testing, Cryptography, Incident Response"
Cybersecurity Specialist,"Linux, Penetration Testing, Firewalls"
Game Developer,"C#, 3D Modeling, Problem Solving, Unity, Game Design"
DevOps Engineer,"AWS, Docker, Kubernetes, Linux"
Cloud Architect,"Terraform, Azure, AWS"
Software Engineer,"Problem Solving, Agile"
AI/ML Engineer,"Deep Learning, NLP, Python, TensorFlow"
UI/UX Designer,"User Research, Adobe XD"
UI/UX Designer,"Figma, Prototyping"
Game Developer,"Problem Solving, C#, Game Design"
DevOps Engineer,"AWS, Docker, Linux"
DevOps Engineer,"CI/CD, AWS, Docker, Kubernetes"
Game Developer,"Unity, Game Design, Problem Solving, 3D Modeling"
Cloud Architect,"Azure, Cloud Security, Networking, AWS"
Database Administrator,"Backup Strategies, Oracle, Data Modeling"
Database Administrator,"Backup Strategies, NoSQL, Oracle, Data Modeling"
DevOps Engineer,"AWS, CI/CD"
Software Engineer,"C++, Agile"
Software Engineer,"Python, C++, Agile, Problem Solving"
Cloud Architect,"Networking, Terraform, Azure, AWS, Cloud Security"
DevOps Engineer,"CI/CD, Kubernetes, Docker, AWS"
Game Developer,"C#, Problem Solving"
UI/UX Designer,"User Research, Adobe XD, Prototyping"
Cybersecurity Specialist,"Linux, Cryptography, Firewalls"
UI/UX Designer,"Wireframing, Adobe XD"
DevOps Engineer,"AWS, Linux, CI/CD, Kubernetes, Docker"
DevOps Engineer,"AWS, Docker, Kubernetes, Linux"
Cloud Architect,"Azure, Terraform"
Game Developer,"Problem Solving, 3D Modeling, Unity, C#"
Database Administrator,"Backup Strategies, SQL, Oracle"
Cybersecurity Specialist,"Incident Response, Cryptography"
Game Developer,"3D Modeling, Game Design, C#, Unity, Problem Solving"
AI/ML Engineer,"NLP, PyTorch"
Software Engineer,"Python, Agile"
DevOps Engineer,"Linux, CI/CD, Kubernetes"
UI/UX Designer,"Figma, User Research"
Game Developer,"Problem Solving, 3D Modeling, Unity, Game Design, C#"
Software Engineer,"C++, Python, Problem Solving"
Cloud Architect,"Networking, Terraform, Azure, Cloud Security, AWS"
UI/UX Designer,"Figma, Adobe XD, Wireframing"
Web Developer,"HTML, CSS, React"
Data Scientist,"Machine Learning, SQL, Statistics"
Cybersecurity Specialist,"Cryptography, Penetration Testing, Incident Response, Firewalls, Linux"
Cloud Architect,"AWS, Networking, Terraform, Cloud Security, Azure"
Cybersecurity Specialist,"Firewalls, Linux, Penetration Testing, Incident Response, Cryptography"
Cybersecurity Specialist,"Incident Response, Linux, Firewalls, Cryptography"
AI/ML Engineer,"TensorFlow, NLP, Python, Deep Learning, PyTorch"
Data Scientist,"Python, Statistics"
Cloud Architect,"AWS, Azure, Terraform"
Cloud Architect,"Azure, Cloud Security, Terraform, AWS, Networking"
Cloud Architect,"Azure, Cloud Security, AWS, Networking, Terraform"
AI/ML Engineer,"NLP, PyTorch, TensorFlow"
DevOps Engineer,"Docker, CI/CD, AWS"
DevOps Engineer,"Linux, CI/CD, Kubernetes"
AI/ML Engineer,"TensorFlow, Deep Learning, NLP, Python, PyTorch"
Web Developer,"React, CSS, Node.js, HTML, JavaScript"
Software Engineer,"C++, Java"
Database Administrator,"SQL, NoSQL"
Web Developer,"JavaScript, HTML, React, Node.js, CSS"
Cybersecurity Specialist,"Cryptography, Incident Response, Penetration Testing"
Database Administrator,"Oracle, SQL, NoSQL, Backup Strategies"
Web Developer,"React, Node.js, CSS"
UI/UX Designer,"Prototyping, Figma, Wireframing, Adobe XD"
Software Engineer,"Problem Solving, Agile"
Database Administrator,"SQL, Backup Strategies, Data Modeling"
Game Developer,"Problem Solving, 3D Modeling, Game Design, Unity, C#"
Database Administrator,"Oracle, Backup Strategies, SQL"
Game Developer,"Game Design, 3D Modeling"
UI/UX Designer,"Prototyping, Adobe XD"
Cybersecurity Specialist,"Linux, Cryptography, Firewalls, Penetration Testing, Incident Response"
UI/UX Designer,"Wireframing, Adobe XD, Figma, Prototyping, User Research"
AI/ML Engineer,"PyTorch, NLP, TensorFlow"
Cybersecurity Specialist,"Firewalls, Penetration Testing, Incident Response"
UI/UX Designer,"Adobe XD, Wireframing, Prototyping"
Cybersecurity Specialist,"Firewalls, Penetration Testing"
Software Engineer,"C++, Agile"
AI/ML Engineer,"TensorFlow, Python"
Cloud Architect,"Cloud Security, Azure"
UI/UX Designer,"User Research, Prototyping, Adobe XD, Figma"
AI/ML Engineer,"NLP, Deep Learning, TensorFlow, PyTorch, Python"
AI/ML Engineer,"PyTorch, NLP, Python, Deep Learning"
Cloud Architect,"Cloud Security, Networking"
Game Developer,"Problem Solving, 3D Modeling, Unity, Game Design"
DevOps Engineer,"AWS, CI/CD"
Web Developer,"CSS, React, Node.js"
Web Developer,"React, HTML, Node.js, JavaScript, CSS"
Cloud Architect,"Azure, AWS, Terraform, Cloud Security, Networking"
Software Engineer,"Python, Agile"
DevOps Engineer,"Docker, CI/CD, Kubernetes, AWS, Linux"
Web Developer,"Node.js, React, JavaScript, HTML"
Cloud Architect,"AWS, Azure, Cloud Security, Terraform"
Game Developer,"Unity, C#"
AI/ML Engineer,"PyTorch, NLP, TensorFlow, Python"
DevOps Engineer,"Kubernetes, Linux, AWS"
UI/UX Designer,"Figma, User Research, Prototyping, Wireframing"
DevOps Engineer,"Docker, Kubernetes"
Software Engineer,"Agile, Python"
Web Developer,"React, HTML"
UI/UX Designer,"User Research, Figma"
DevOps Engineer,"Linux, AWS, Docker"
Cybersecurity Specialist,"Penetration Testing, Linux, Firewalls, Incident Response"
Cybersecurity Specialist,"Incident Response, Cryptography, Firewalls"
Data Scientist,"Statistics, Python, R, SQL, Machine Learning"
DevOps Engineer,"Kubernetes, Docker, Linux, AWS"
Game Developer,"3D Modeling, Game Design, Unity"
Data Scientist,"Python, Statistics"
UI/UX Designer,"Figma, User Research"
AI/ML Engineer,"NLP, Deep Learning, TensorFlow, Python, PyTorch"
AI/ML Engineer,"PyTorch, Python, TensorFlow, Deep Learning"
AI/ML Engineer,"TensorFlow, Python, Deep Learning"
AI/ML Engineer,"NLP, Python, PyTorch, Deep Learning, TensorFlow"
Data Scientist,"Machine Learning, SQL, Statistics, R, Python"
Software Engineer,"Agile, Python, Java"
Game Developer,"3D Modeling, Problem Solving, Unity, C#, Game Design"
UI/UX Designer,"Adobe XD, Wireframing, Figma, Prototyping"
Software Engineer,"Python, Java, Problem Solving"
Game Developer,"3D Modeling, C#, Problem Solving, Game Design, Unity"
AI/ML Engineer,"PyTorch, NLP, Python, Deep Learning"
Game Developer,"Game Design, Problem Solving, C#"
AI/ML Engineer,"TensorFlow, Deep Learning, PyTorch"
Cybersecurity Specialist,"Linux, Cryptography, Penetration Testing"
Cloud Architect,"Cloud Security, Terraform, Networking, AWS"
AI/ML Engineer,"NLP, TensorFlow, Deep Learning, PyTorch, Python"
Software Engineer,"C++, Python, Java, Problem Solving"
Web Developer,"React, Node.js, JavaScript, HTML"
Database Administrator,"Data Modeling, Backup Strategies"
DevOps Engineer,"CI/CD, Kubernetes, AWS, Linux"
Cybersecurity Specialist,"Firewalls, Penetration Testing, Incident Response"
Cybersecurity Specialist,"Linux, Incident Response, Firewalls"
Web Developer,"Node.js, React, HTML"
UI/UX Designer,"User Research, Prototyping, Figma"
UI/UX Designer,"Figma, Wireframing"
Data Scientist,"Machine Learning, R, Python, SQL, Statistics"
UI/UX Designer,"User Research, Figma, Adobe XD, Prototyping, Wireframing"
Software Engineer,"Python, Java, Problem Solving, C++, Agile"
AI/ML Engineer,"NLP, PyTorch, TensorFlow, Python, Deep Learning"
Data Scientist,"Python, Statistics"
Software Engineer,"Problem Solving, Python, C++"
UI/UX Designer,"Wireframing, Adobe XD, Prototyping, Figma, User Research"
Game Developer,"Game Design, 3D Modeling"
UI/UX Designer,"Wireframing, Prototyping, User Research, Figma"
AI/ML Engineer,"NLP, Deep Learning, Python"
Software Engineer,"Problem Solving, C++"
DevOps Engineer,"AWS, Docker, Kubernetes, Linux, CI/CD"
AI/ML Engineer,"NLP, Deep Learning, PyTorch, TensorFlow, Python"
Web Developer,"HTML, CSS, Node.js"
Data Scientist,"R, Machine Learning, Statistics, Python, SQL"
Software Engineer,"Java, C++, Agile, Problem Solving"
Data Scientist,"Statistics, R, SQL, Machine Learning, Python"
DevOps Engineer,"Linux, CI/CD, AWS, Docker, Kubernetes"
Web Developer,"HTML, CSS"
DevOps Engineer,"Docker, CI/CD, Linux, Kubernetes"
Database Administrator,"Backup Strategies, Data Modeling, Oracle, NoSQL"
Cloud Architect,"AWS, Cloud Security, Terraform, Networking"
AI/ML Engineer,"TensorFlow, Deep Learning, NLP"
Cloud Architect,"Cloud Security, Azure, Terraform, Networking"
Software Engineer,"Agile, C++, Python"
UI/UX Designer,"Wireframing, Adobe XD, Prototyping, User Research"
DevOps Engineer,"CI/CD, AWS, Kubernetes"
Database Administrator,"Data Modeling, NoSQL, Oracle"
Web Developer,"Node.js, JavaScript"
Web Developer,"CSS, HTML"
Web Developer,"CSS, HTML, JavaScript"
Data Scientist,"Machine Learning, Python, R"
Cybersecurity Specialist,"Linux, Firewalls, Incident Response"
Game Developer,"Problem Solving, Unity, C#"
Cloud Architect,"Networking, AWS, Terraform, Azure"
Web Developer,"Node.js, CSS, React"
Cybersecurity Specialist,"Firewalls, Linux, Incident Response, Cryptography, Penetration Testing"
Cybersecurity Specialist,"Firewalls, Penetration Testing, Linux, Incident Response"
Web Developer,"JavaScript, React, Node.js, HTML"
Software Engineer,"C++, Java"
Software Engineer,"Python, Problem Solving, C++, Java"
Data Scientist,"Machine Learning, Statistics, R, SQL"
Web Developer,"HTML, Node.js, CSS"
Web Developer,"Node.js, CSS, JavaScript, HTML"
DevOps Engineer,"Linux, Kubernetes, AWS, CI/CD"
Cloud Architect,"Terraform, Azure, Cloud Security"
Data Scientist,"R, Statistics, SQL, Python"
Game Developer,"Game Design, C#"
Cybersecurity Specialist,"Linux, Firewalls, Penetration Testing, Incident Response"
Data Scientist,"Machine Learning, R, SQL, Python"
Cloud Architect,"Networking, AWS"
UI/UX Designer,"User Research, Wireframing, Prototyping"
Data Scientist,"Machine Learning, SQL, R, Python"
Cybersecurity Specialist,"Penetration Testing, Cryptography, Firewalls"
Database Administrator,"SQL, NoSQL, Backup Strategies"
Web Developer,"CSS, Node.js, React, HTML, JavaScript"
Game Developer,"Unity, C#"
Cybersecurity Specialist,"Incident Response, Cryptography"
Data Scientist,"R, SQL, Python, Machine Learning"
AI/ML Engineer,"Deep Learning, NLP"
Cloud Architect,"Networking, Terraform, Azure"
Database Administrator,"Data Modeling, SQL, Backup Strategies, Oracle"
Database Administrator,"Oracle, SQL, NoSQL, Data Modeling"
Database Administrator,"NoSQL, Backup Strategies"
Data Scientist,"Machine Learning, Python, R, SQL"
Data Scientist,"R, Statistics"
Cybersecurity Specialist,"Incident Response, Linux, Firewalls, Penetration Testing"
Cybersecurity Specialist,"Incident Response, Firewalls, Cryptography, Penetration Testing, Linux"
Cloud Architect,"Networking, Terraform"
Game Developer,"3D Modeling, Game Design, Unity"
Game Developer,"C#, Problem Solving, Game Design"
Software Engineer,"Java, Python, Problem Solving, Agile, C++"
AI/ML Engineer,"NLP, PyTorch, TensorFlow, Python"
DevOps Engineer,"Kubernetes, Linux, Docker, AWS, CI/CD"
Data Scientist,"Python, SQL, Statistics, Machine Learning, R"
Web Developer,"JavaScript, React, CSS, Node.js, HTML"
DevOps Engineer,"CI/CD, Linux, Kubernetes"
DevOps Engineer,"CI/CD, Kubernetes, Linux, Docker"
Database Administrator,"Data Modeling, SQL, Backup Strategies, Oracle"
UI/UX Designer,"Wireframing, Adobe XD, Figma, User Research"
Cloud Architect,"AWS, Networking"
Cloud Architect,"AWS, Azure, Cloud Security, Terraform, Networking"
Game Developer,"Problem Solving, 3D Modeling"
UI/UX Designer,"Adobe XD, Wireframing, Figma, Prototyping, User Research"
Database Administrator,"NoSQL, Backup Strategies"
Game Developer,"Problem Solving, C#, Unity"
Web Developer,"CSS, Node.js, JavaScript, React"
Web Developer,"JavaScript, React, HTML, CSS"
UI/UX Designer,"Figma, User Research, Adobe XD, Wireframing"
DevOps Engineer,"Linux, CI/CD, Kubernetes, Docker, AWS"
Game Developer,"Unity, Game Design, Problem Solving, 3D Modeling, C#"
Game Developer,"Unity, Game Design, C#, Problem Solving"
Data Scientist,"SQL, Python, Statistics, R"
Game Developer,"Problem Solving, C#"
Data Scientist,"SQL, R, Statistics, Machine Learning"
Data Scientist,"Statistics, R"
Cloud Architect,"Terraform, Cloud Security, AWS, Azure, Networking"
UI/UX Designer,"Prototyping, Wireframing"
AI/ML Engineer,"NLP, Deep Learning"
UI/UX Designer,"User Research, Prototyping, Adobe XD, Figma"
Software Engineer,"C++, Java"
Database Administrator,"Oracle, NoSQL"
Cybersecurity Specialist,"Linux, Cryptography, Firewalls, Penetration Testing"
Cybersecurity Specialist,"Linux, Cryptography, Incident Response, Penetration Testing, Firewalls"
AI/ML Engineer,"NLP, PyTorch, Deep Learning, Python"
Cybersecurity Specialist,"Firewalls, Incident Response"
Database Administrator,"NoSQL, Data Modeling, Oracle"
Database Administrator,"SQL, Oracle"
Game Developer,"Problem Solving, C#, Unity"
AI/ML Engineer,"NLP, Python, PyTorch"
Data Scientist,"Statistics, Machine Learning, Python"
Cloud Architect,"Azure, Networking"
AI/ML Engineer,"Deep Learning, NLP, TensorFlow"
DevOps Engineer,"CI/CD, Kubernetes, Linux"
DevOps Engineer,"Linux, Docker, Kubernetes, AWS"
Software Engineer,"Java, Python"
Cloud Architect,"Azure, Terraform, AWS, Networking"
Database Administrator,"Data Modeling, Backup Strategies, Oracle, SQL, NoSQL"
DevOps Engineer,"AWS, CI/CD, Docker, Kubernetes, Linux"
Database Administrator,"Data Modeling, SQL, Oracle, NoSQL"
Software Engineer,"C++, Problem Solving, Python"
AI/ML Engineer,"Deep Learning, Python"
Data Scientist,"SQL, Statistics"
Cybersecurity Specialist,"Firewalls, Penetration Testing, Incident Response"
Software Engineer,"Agile, Python, Problem Solving, C++"
UI/UX Designer,"Adobe XD, Figma, Wireframing, Prototyping"
DevOps Engineer,"Docker, Linux, CI/CD"
UI/UX Designer,"Figma, Wireframing"
Web Developer,"HTML, Node.js"
AI/ML Engineer,"Python, TensorFlow, NLP, PyTorch"
Web Developer,"Node.js, CSS, JavaScript, HTML, React"
Software Engineer,"Java, Problem Solving, C++"
DevOps Engineer,"Kubernetes, Docker, CI/CD"
Data Scientist,"Statistics, R"
Web Developer,"CSS, React"
Database Administrator,"Backup Strategies, Data Modeling, NoSQL, Oracle"
Web Developer,"HTML, JavaScript, React, Node.js, CSS"
UI/UX Designer,"Adobe XD, Prototyping, Wireframing"
Cloud Architect,"Cloud Security, Azure, Networking, AWS, Terraform"
DevOps Engineer,"Linux, Docker"
Cloud Architect,"Networking, Terraform, Cloud Security"
Game Developer,"Unity, Game Design, 3D Modeling, Problem Solving"
DevOps Engineer,"Docker, AWS, CI/CD, Linux, Kubernetes"
Data Scientist,"R, Statistics, SQL, Machine Learning"
Cloud Architect,"Terraform, Networking"
UI/UX Designer,"Adobe XD, Figma, Wireframing, Prototyping, User Research"
UI/UX Designer,"Figma, Prototyping, Adobe XD, User Research"
Data Scientist,"SQL, Statistics, Machine Learning, R"
Database Administrator,"Oracle, SQL, NoSQL, Data Modeling, Backup Strategies"
Cybersecurity Specialist,"Penetration Testing, Incident Response, Cryptography"
Software Engineer,"C++, Agile"
Cloud Architect,"Terraform, AWS, Networking, Azure, Cloud Security"
DevOps Engineer,"AWS, CI/CD, Linux, Docker"
Data Scientist,"R, SQL"
Database Administrator,"Backup Strategies, SQL, Data Modeling"
Data Scientist,"Machine Learning, R, Statistics"
Game Developer,"Game Design, C#, Problem Solving, 3D Modeling"
Software Engineer,"Problem Solving, Agile, Python, C++, Java"
Data Scientist,"Machine Learning, Python, SQL, Statistics, R"
AI/ML Engineer,"NLP, Deep Learning, Python, PyTorch, TensorFlow"
AI/ML Engineer,"TensorFlow, Deep Learning"
Data Scientist,"Python, Statistics"
Game Developer,"C#, 3D Modeling, Problem Solving, Game Design"
AI/ML Engineer,"NLP, Python, TensorFlow"
Data Scientist,"Statistics, Python, R, SQL, Machine Learning"
Cloud Architect,"Terraform, AWS, Azure"
Web Developer,"HTML, CSS, JavaScript, Node.js"
Software Engineer,"Java, Problem Solving, Python"
Cloud Architect,"Azure, AWS, Terraform, Cloud Security"
Database Administrator,"NoSQL, Data Modeling"
AI/ML Engineer,"Deep Learning, Python, TensorFlow, NLP, PyTorch"
Web Developer,"HTML, CSS, React"
Software Engineer,"Agile, Problem Solving, Java, Python"
Cybersecurity Specialist,"Incident Response, Cryptography, Linux, Firewalls, Penetration Testing"
Software Engineer,"C++, Problem Solving, Python, Java"
Cloud Architect,"Terraform, Cloud Security, Networking, Azure"
DevOps Engineer,"Docker, AWS, CI/CD"
Software Engineer,"Java, Agile, Problem Solving, C++"
Database Administrator,"SQL, Data Modeling, Backup Strategies, NoSQL, Oracle"
Data Scientist,"Python, SQL, Machine Learning"
Game Developer,"Problem Solving, Unity, 3D Modeling, C#"
Data Scientist,"Python, Machine Learning, R, SQL, Statistics"
Database Administrator,"Data Modeling, Backup Strategies, SQL"
Software Engineer,"Agile, Problem Solving, Python, C++, Java"
DevOps Engineer,"Docker, Linux, AWS, Kubernetes, CI/CD"
Cloud Architect,"AWS, Azure"
Data Scientist,"Python, R, Machine Learning"
Cybersecurity Specialist,"Incident Response, Firewalls, Penetration Testing, Linux"
DevOps Engineer,"Linux, CI/CD, Docker, Kubernetes, AWS"
UI/UX Designer,"Prototyping, User Research"
AI/ML Engineer,"Python, PyTorch, TensorFlow, Deep Learning"
Database Administrator,"NoSQL, Oracle"
Data Scientist,"Statistics, Machine Learning, R"
Web Developer,"Node.js, JavaScript"
DevOps Engineer,"Kubernetes, CI/CD, Docker"
Software Engineer,"Python, Problem Solving, C++, Agile"
Cloud Architect,"Networking, Terraform"
Database Administrator,"NoSQL, Backup Strategies, Oracle, SQL, Data Modeling"
Web Developer,"Node.js, React"
DevOps Engineer,"CI/CD, Linux"
Data Scientist,"SQL, Python, Machine Learning, Statistics"
Cloud Architect,"Terraform, Networking, AWS, Azure"
Data Scientist,"R, SQL"
DevOps Engineer,"Kubernetes, AWS, CI/CD, Linux"
DevOps Engineer,"CI/CD, Linux"
Data Scientist,"Python, Statistics"
Database Administrator,"Backup Strategies, SQL"
UI/UX Designer,"User Research, Adobe XD, Prototyping, Wireframing, Figma"
AI/ML Engineer,"PyTorch, Python, TensorFlow"
Software Engineer,"Java, Python, C++, Problem Solving"
Data Scientist,"Statistics, Machine Learning, R, Python, SQL"
Database Administrator,"Oracle, NoSQL"
AI/ML Engineer,"TensorFlow, Deep Learning, NLP, Python"
Data Scientist,"Statistics, Python"
Game Developer,"Unity, C#, Problem Solving, 3D Modeling"
UI/UX Designer,"Adobe XD, User Research, Wireframing, Figma"
DevOps Engineer,"AWS, CI/CD, Linux, Docker, Kubernetes"
Cybersecurity Specialist,"Penetration Testing, Linux"
Data Scientist,"Machine Learning, SQL"
Database Administrator,"NoSQL, SQL"
Web Developer,"Node.js, JavaScript, HTML"
Web Developer,"React, Node.js, JavaScript, CSS"
Game Developer,"Game Design, C#"
Data Scientist,"Statistics, Python, SQL"
Database Administrator,"Oracle, Data Modeling, Backup Strategies"
Cybersecurity Specialist,"Incident Response, Cryptography, Penetration Testing, Linux, Firewalls"
AI/ML Engineer,"PyTorch, NLP, Python, Deep Learning, TensorFlow"
Database Administrator,"Oracle, Backup Strategies"
Cloud Architect,"Terraform, AWS, Cloud Security, Azure, Networking"
Game Developer,"Unity, 3D Modeling, C#, Problem Solving, Game Design"
Game Developer,"Problem Solving, 3D Modeling"
AI/ML Engineer,"PyTorch, Deep Learning, TensorFlow, NLP"
Cloud Architect,"Networking, Cloud Security, AWS, Terraform, Azure"
Web Developer,"HTML, JavaScript"
Game Developer,"C#, Game Design"
Data Scientist,"Statistics, Python"
Game Developer,"Game Design, Problem Solving, C#, Unity"
Data Scientist,"Statistics, Python"
DevOps Engineer,"Docker, Kubernetes, AWS, Linux"
DevOps Engineer,"Linux, Kubernetes, AWS, Docker"
AI/ML Engineer,"Deep Learning, TensorFlow, Python, NLP"
Software Engineer,"Agile, C++, Problem Solving, Python"
AI/ML Engineer,"NLP, PyTorch"
DevOps Engineer,"CI/CD, Kubernetes, AWS, Docker, Linux"
AI/ML Engineer,"Python, PyTorch"
UI/UX Designer,"Wireframing, User Research, Adobe XD"
Cloud Architect,"Azure, Terraform"
Cloud Architect,"Azure, Terraform, Cloud Security, Networking, AWS"
Web Developer,"HTML, CSS, JavaScript, Node.js"
Cybersecurity Specialist,"Firewalls, Cryptography, Penetration Testing"
Data Scientist,"R, Machine Learning"
DevOps Engineer,"Docker, AWS, Linux"
UI/UX Designer,"Figma, Wireframing, Prototyping, Adobe XD"
Data Scientist,"Python, SQL, Statistics, Machine Learning, R"
Database Administrator,"Backup Strategies, Data Modeling, NoSQL, Oracle"
Data Scientist,"R, SQL"
Game Developer,"C#, Problem Solving, 3D Modeling, Game Design"
Database Administrator,"NoSQL, Data Modeling, Backup Strategies, SQL"
DevOps Engineer,"Linux, Kubernetes, Docker, AWS"
Cloud Architect,"AWS, Cloud Security, Azure, Networking, Terraform"
Data Scientist,"Python, R, Statistics, SQL, Machine Learning"
Data Scientist,"Machine Learning, Statistics, SQL"
Data Scientist,"Statistics, SQL, Python, R"
Cybersecurity Specialist,"Incident Response, Penetration Testing"
Cybersecurity Specialist,"Cryptography, Incident Response, Penetration Testing, Firewalls, Linux"
Web Developer,"CSS, React"
Game Developer,"Unity, 3D Modeling, C#, Game Design, Problem Solving"
Software Engineer,"Python, Java, Problem Solving, C++"
DevOps Engineer,"Linux, AWS, Kubernetes, Docker"
DevOps Engineer,"Docker, CI/CD, Kubernetes, Linux, AWS"
Web Developer,"React, CSS, JavaScript"
Web Developer,"CSS, React"
DevOps Engineer,"Linux, Kubernetes, CI/CD, Docker"
Data Scientist,"Machine Learning, Python, R, SQL, Statistics"
Database Administrator,"Oracle, Backup Strategies"
Software Engineer,"Java, Python, C++, Agile, Problem Solving"
Software Engineer,"Python, Agile, C++, Problem Solving, Java"
Cybersecurity Specialist,"Firewalls, Cryptography, Linux, Penetration Testing, Incident Response"
Web Developer,"JavaScript, HTML, CSS"
Web Developer,"CSS, JavaScript"
UI/UX Designer,"Prototyping, Adobe XD, Wireframing, Figma"
AI/ML Engineer,"Python, Deep Learning, TensorFlow, NLP"
Data Scientist,"Python, SQL, R, Machine Learning"
Cloud Architect,"AWS, Azure"
Software Engineer,"Java, Python, Agile, C++, Problem Solving"
Web Developer,"HTML, Node.js"
Cloud Architect,"Cloud Security, AWS, Networking, Azure"
Cybersecurity Specialist,"Penetration Testing, Linux, Cryptography, Incident Response"
Cybersecurity Specialist,"Linux, Penetration Testing, Firewalls, Incident Response, Cryptography"
Database Administrator,"Data Modeling, SQL, NoSQL, Backup Strategies"
Game Developer,"Problem Solving, Unity, Game Design"
AI/ML Engineer,"PyTorch, NLP, Python"
DevOps Engineer,"Kubernetes, AWS, Docker, CI/CD, Linux"
UI/UX Designer,"Prototyping, Adobe XD, Figma, User Research, Wireframing"
AI/ML Engineer,"PyTorch, Python, Deep Learning"
Web Developer,"HTML, Node.js, JavaScript, React"
AI/ML Engineer,"Python, Deep Learning, NLP, PyTorch, TensorFlow"
Web Developer,"JavaScript, HTML, React"
Software Engineer,"Java, Python, Agile, C++, Problem Solving"
DevOps Engineer,"Docker, Kubernetes, CI/CD, Linux"
Web Developer,"HTML, Node.js, JavaScript, CSS, React"
Cloud Architect,"Azure, Networking"
DevOps Engineer,"Kubernetes, CI/CD, AWS, Linux, Docker"
Game Developer,"Problem Solving, Unity, C#"
UI/UX Designer,"Wireframing, Adobe XD, User Research, Figma, Prototyping"
UI/UX Designer,"User Research, Wireframing"
Game Developer,"C#, Game Design, Unity"
Cybersecurity Specialist,"Firewalls, Linux, Cryptography, Incident Response, Penetration Testing"
Cloud Architect,"Terraform, Cloud Security"
Software Engineer,"Agile, Problem Solving, C++"
UI/UX Designer,"Prototyping, Adobe XD, Wireframing"
Cloud Architect,"Networking, Azure"
UI/UX Designer,"User Research, Wireframing, Figma, Adobe XD"
Cloud Architect,"Networking, Azure"
Database Administrator,"Data Modeling, NoSQL, Oracle, Backup Strategies, SQL"
Cybersecurity Specialist,"Incident Response, Cryptography, Firewalls, Linux, Penetration Testing"
Software Engineer,"C++, Python, Java, Agile"
Software Engineer,"C++, Java, Agile, Python"
Game Developer,"3D Modeling, Problem Solving, Unity"
UI/UX Designer,"User Research, Prototyping"
UI/UX Designer,"Adobe XD, User Research, Prototyping, Wireframing, Figma"
AI/ML Engineer,"NLP, TensorFlow, PyTorch, Deep Learning"
UI/UX Designer,"Prototyping, Figma, Wireframing"
Cybersecurity Specialist,"Incident Response, Penetration Testing, Cryptography, Firewalls, Linux"
Web Developer,"CSS, Node.js"
Cloud Architect,"Cloud Security, Azure, Networking, AWS"
Cloud Architect,"Terraform, AWS"
Web Developer,"React, JavaScript, HTML, Node.js, CSS"
Software Engineer,"Problem Solving, Agile, Java, C++, Python"
Game Developer,"Unity, Problem Solving, C#, 3D Modeling"
Web Developer,"HTML, JavaScript, React"
Cybersecurity Specialist,"Incident Response, Firewalls, Linux, Cryptography, Penetration Testing"
DevOps Engineer,"Kubernetes, AWS, Linux, Docker"
Cloud Architect,"Azure, Cloud Security, AWS, Terraform"
Software Engineer,"Problem Solving, Python, C++"
Data Scientist,"SQL, Machine Learning, Statistics, R"
Cloud Architect,"Networking, AWS, Cloud Security, Azure, Terraform"
UI/UX Designer,"User Research, Prototyping, Wireframing, Adobe XD"
Data Scientist,"R, Statistics, Machine Learning, SQL, Python"
UI/UX Designer,"Wireframing, User Research, Prototyping, Adobe XD, Figma"
Data Scientist,"Python, SQL"
UI/UX Designer,"Adobe XD, Prototyping, User Research"
UI/UX Designer,"Wireframing, Figma, User Research, Adobe XD, Prototyping"
Software Engineer,"Agile, Python, Java, Problem Solving, C++"
Cybersecurity Specialist,"Penetration Testing, Linux, Incident Response, Firewalls"
DevOps Engineer,"AWS, Kubernetes, Linux"
Cloud Architect,"Networking, Cloud Security, AWS, Terraform"
Software Engineer,"C++, Python, Java, Agile"
Data Scientist,"R, Machine Learning, Python, Statistics, SQL"
Web Developer,"JavaScript, React, CSS"
Data Scientist,"R, SQL"
DevOps Engineer,"Docker, Linux, CI/CD, AWS"
Cloud Architect,"Terraform, Networking"
Cloud Architect,"AWS, Azure, Networking, Cloud Security"
UI/UX Designer,"Figma, Wireframing, Adobe XD, Prototyping"
Cloud Architect,"Networking, AWS, Cloud Security, Azure, Terraform"
Game Developer,"Unity, C#, Problem Solving"
AI/ML Engineer,"Deep Learning, PyTorch, Python"
DevOps Engineer,"Linux, CI/CD, AWS, Kubernetes, Docker"
Data Scientist,"Machine Learning, Python, Statistics, R, SQL"
AI/ML Engineer,"Deep Learning, PyTorch, Python, NLP, TensorFlow"
AI/ML Engineer,"TensorFlow, PyTorch, NLP, Deep Learning, Python"
Cybersecurity Specialist,"Firewalls, Linux"
UI/UX Designer,"Figma, User Research, Wireframing, Adobe XD"
Game Developer,"Problem Solving, Unity, Game Design"
AI/ML Engineer,"TensorFlow, Python"
DevOps Engineer,"AWS, Docker"
AI/ML Engineer,"TensorFlow, Python, NLP, Deep Learning, PyTorch"
AI/ML Engineer,"NLP, Deep Learning"
Data Scientist,"SQL, Statistics"
AI/ML Engineer,"NLP, Python, Deep Learning, PyTorch, TensorFlow"
Software Engineer,"Problem Solving, C++"
Database Administrator,"NoSQL, Data Modeling, SQL, Oracle, Backup Strategies"
UI/UX Designer,"User Research, Prototyping, Wireframing, Figma"
Database Administrator,"Data Modeling, Backup Strategies"
AI/ML Engineer,"PyTorch, NLP, Python, TensorFlow"
Web Developer,"React, Node.js, CSS, HTML, JavaScript"
Game Developer,"3D Modeling, C#, Problem Solving, Unity, Game Design"
Cloud Architect,"Azure, Cloud Security, Networking, AWS"
Cloud Architect,"Terraform, Azure"
Database Administrator,"Backup Strategies, Data Modeling"
DevOps Engineer,"AWS, Docker, Linux"
Software Engineer,"Python, C++, Java"
Cloud Architect,"Cloud Security, Azure, AWS, Networking"
DevOps Engineer,"Linux, CI/CD, Docker, Kubernetes"
Cloud Architect,"Terraform, Cloud Security, AWS, Networking"
DevOps Engineer,"AWS, Linux, CI/CD, Kubernetes"
Cloud Architect,"AWS, Cloud Security"
Cybersecurity Specialist,"Linux, Penetration Testing, Incident Response"
UI/UX Designer,"User Research, Figma, Wireframing, Prototyping"
Game Developer,"Game Design, 3D Modeling, Problem Solving, Unity"
Data Scientist,"R, Python, SQL, Statistics, Machine Learning"
Cybersecurity Specialist,"Linux, Cryptography, Firewalls"
UI/UX Designer,"Wireframing, Prototyping, User Research, Figma, Adobe XD"
Database Administrator,"SQL, NoSQL"
Data Scientist,"Python, Machine Learning"
AI/ML Engineer,"PyTorch, Python, NLP, TensorFlow"
Cloud Architect,"AWS, Azure, Networking, Terraform"
Database Administrator,"Data Modeling, Backup Strategies"
DevOps Engineer,"Linux, Docker"
Database Administrator,"SQL, Data Modeling"
DevOps Engineer,"Linux, Docker, CI/CD"
Data Scientist,"Python, R, Machine Learning"
Cloud Architect,"Cloud Security, Azure, AWS, Terraform"
UI/UX Designer,"Adobe XD, Prototyping, Figma, User Research"
DevOps Engineer,"Kubernetes, Docker, AWS, CI/CD"
Data Scientist,"Statistics, Machine Learning, Python"
Cybersecurity Specialist,"Linux, Firewalls, Incident Response, Cryptography, Penetration Testing"
Web Developer,"React, HTML, CSS, Node.js"
Data Scientist,"SQL, R"
Web Developer,"HTML, Node.js"
UI/UX Designer,"Prototyping, Adobe XD, Figma, User Research"
Database Administrator,"SQL, Backup Strategies"
Database Administrator,"Oracle, NoSQL, SQL"
UI/UX Designer,"User Research, Adobe XD, Figma"
Game Developer,"C#, Problem Solving, 3D Modeling, Unity"
UI/UX Designer,"Prototyping, User Research, Figma, Wireframing, Adobe XD"
Cybersecurity Specialist,"Incident Response, Penetration Testing, Firewalls"
Game Developer,"Problem Solving, 3D Modeling"
Cloud Architect,"AWS, Azure, Networking"
Cybersecurity Specialist,"Firewalls, Penetration Testing, Linux, Incident Response, Cryptography"
DevOps Engineer,"CI/CD, Docker, Kubernetes, AWS"
Game Developer,"3D Modeling, Unity"
Software Engineer,"C++, Agile, Java, Problem Solving"
Cloud Architect,"Networking, Terraform, AWS"
Data Scientist,"Machine Learning, SQL"
AI/ML Engineer,"TensorFlow, NLP, PyTorch, Deep Learning"
Data Scientist,"Machine Learning, SQL"
Cloud Architect,"Cloud Security, Networking, Terraform, Azure, AWS"
Game Developer,"C#, Game Design, Unity"
AI/ML Engineer,"Deep Learning, Python, NLP, PyTorch"
Software Engineer,"Problem Solving, C++, Agile, Python"
Cybersecurity Specialist,"Linux, Cryptography, Penetration Testing, Firewalls, Incident Response"
UI/UX Designer,"Adobe XD, User Research, Wireframing"
DevOps Engineer,"Linux, Docker, CI/CD, Kubernetes"
DevOps Engineer,"AWS, Docker, CI/CD, Kubernetes, Linux"
Cybersecurity Specialist,"Cryptography, Penetration Testing, Firewalls"
Cloud Architect,"Terraform, Cloud Security"
Data Scientist,"Machine Learning, R, Statistics"
Web Developer,"HTML, JavaScript, React"
Game Developer,"C#, 3D Modeling, Problem Solving, Game Design, Unity"
Cybersecurity Specialist,"Cryptography, Penetration Testing"
Game Developer,"C#, Game Design, 3D Modeling"
DevOps Engineer,"Docker, CI/CD, AWS, Linux"
Game Developer,"3D Modeling, C#"
Data Scientist,"Machine Learning, Python, R, SQL, Statistics"
Software Engineer,"Agile, Python"
UI/UX Designer,"User Research, Prototyping"
DevOps Engineer,"Kubernetes, Linux, CI/CD, AWS, Docker"
DevOps Engineer,"AWS, Kubernetes, Docker"
Software Engineer,"Agile, C++, Problem Solving"
AI/ML Engineer,"PyTorch, NLP"
Database Administrator,"SQL, Data Modeling, Backup Strategies"
UI/UX Designer,"Adobe XD, Figma, Prototyping, Wireframing, User Research"
Game Developer,"Unity, Game Design"
Cybersecurity Specialist,"Cryptography, Incident Response, Penetration Testing, Firewalls, Linux"
Web Developer,"HTML, Node.js, JavaScript"
